,chunk_size,chunk_overlap,chunk_count,what is embeddings ?
0,50,50,410,"Embeddings, in the context provided, generally refers to a representation of data in a lower-dimensional space while preserving the relationships and similarities between the data points. In natural language processing, word embeddings are a set of algorithms that map words into a high-dimensional space such that the semantic relationships between the words are represented in the space. However, the exact definition may vary depending on the specific context or field of study."
1,100,50,142,"Embeddings, in the context provided, refer to a representation of data in a lower-dimensional space. This lower-dimensional representation captures the semantic meanings and relationships between data points, allowing machines to understand and process the data more effectively. In the context of natural language processing, word embeddings are a type of embedding that represent words as high-dimensional vectors in a manner that reflects their similarities and differences in meaning."
2,100,70,152,"Embeddings, in the context provided, are likely to refer to a representation of data in a lower dimensional space where the similarities and differences between data points are maintained. This compact form of data can be used for various machine learning and natural language processing tasks. However, without a more specific context, it's difficult to confirm the exact definition of embeddings in this case."
3,100,90,170,"Embeddings, in the context provided, refer to a method or technique used to represent data in a lower-dimensional space while maintaining the original data's structure and relationships. This process allows for more efficient computations and better understanding of the underlying patterns in the data. In the context of language models, word embeddings are a type of embedding that represents words as high-dimensional vectors in a way that semantically similar words have similar vector representations."
4,150,50,89,"Embeddings, in the context provided, refer to a numerical representation of words, phrases, or other elements that are used in a machine learning model. These numerical representations, or embeddings, capture the semantic and syntactic properties of the elements they represent. The length or ""dimension"" of the vector of numbers determines the complexity and contextual understanding the model can have when working with the embeddings."
5,150,70,115,"Embeddings are high-dimensional, dense vector representations of text, words, or even entire documents. Essentially, they are numerical representations of data in a lower-dimensional space, making it easier for machine learning models to understand and process the information."
6,150,90,128,"Embeddings are high-dimensional, dense vector representations of text, words, or even entire documents. They are essentially numerical representations of the input data, often used in machine learning models for natural language processing tasks."
7,150,110,136,"Embeddings are high-dimensional dense vector representations of text, words, or even entire documents. They can be thought of as numerical representations of text data in a multi-dimensional space."
8,150,130,140,"Embeddings are high-dimensional, dense vector representations of text, words, or even entire documents. They are essentially numerical representations of data points in a multi-dimensional space."
9,150,150,143,"Embeddings are high-dimensional, dense vector representations of text, words, or even entire documents. They can be thought of as numerical representations of language elements."
10,200,50,62,"Embeddings are high-dimensional, dense vector representations of text, words, or even entire documents. They can be thought of as numerical representations that capture the meaning and context of the text or word in a mathematical form."
11,200,70,71,"Embeddings are high-dimensional, dense vector representations of text, words, or even entire documents. They are numerical representations that allow machines to understand and process the meaning of text data more effectively."
12,200,90,78,"Embeddings are high-dimensional, dense vector representations of text, words, or entire documents. They are essentially numerical representations of data points in a lower-dimensional space, making it easier for machine learning models to understand and process them."
13,200,110,88,"Embeddings are high-dimensional dense vector representations of text, words, or even entire documents. They are numerical representations that serve as a way to convert non-numerical data like text into a format that can be used by machine learning algorithms."
14,200,130,100,"Embeddings are high-dimensional, dense vector representations of text, words, or even entire documents. They are essentially numerical representations of data in a format that can be used by machine learning algorithms."
15,200,150,110,"Embeddings are high-dimensional, dense vector representations that capture the semantic meaning and contextual information of text, words, or even entire documents. They can be thought of as numerical fingerprints that represent the meaning and context of the text."
16,200,170,119,"Embeddings are high-dimensional, dense vector representations that capture the semantic meaning and contextual information of text, words, or even entire documents. They can be thought of as numerical fingerprints that help machines understand the underlying structure and relationships between different pieces of text."
17,200,190,121,"Embeddings are high-dimensional dense vector representations that capture the semantic meaning and contextual information of text, words, or even entire documents. They can be thought of as numerical fingerprints for text data."
18,250,50,48,"Embeddings are high-dimensional dense vector representations of text, words, or even entire documents. They serve as numerical fingerprints that capture the semantic meaning and contextual information of the given text or words."
19,250,70,52,"Embeddings are high-dimensional dense vector representations of text, words, or even entire documents that capture the semantic meaning and contextual information of the text. They act as numerical fingerprints that help machines understand the meaning of words or text in a way that can be processed by algorithms."
20,250,90,54,"Embeddings are high-dimensional dense vector representations that capture the semantic meaning and contextual information of text, words, or even entire documents. They can be thought of as numerical fingerprints for text data."
21,250,110,57,"Embeddings are high-dimensional, dense vector representations of text, words, or even entire documents. They function as numerical fingerprints that capture the semantic meaning and contextual information of the given text."
22,250,130,70,"Embeddings are high-dimensional, dense vector representations that capture the semantic meaning and contextual information of text, words, or even entire documents. They can be thought of as numerical fingerprints for the data they represent."
23,250,150,76,"Embeddings are high-dimensional dense vector representations that capture the semantic meaning and contextual information of text, words, or even entire documents. They can be thought of as numerical fingerprints that represent the essence of the data in a format that machines can understand."
24,250,170,89,"Embeddings are high-dimensional dense vector representations that capture the semantic meaning and contextual information of text, words, or even entire documents. They are like numerical fingerprints for text data."
25,250,190,101,"Embeddings are high-dimensional dense vector representations that capture the semantic meaning and contextual information of text, words, or even entire documents. They can be thought of as numerical fingerprints that provide a compact way to represent text data."
26,300,50,41,"Embeddings are high-dimensional, dense vector representations that capture the semantic meaning and contextual relationships of text, words, or even entire documents. They act as numerical fingerprints that help understand the semantics and relationships within the input data."
27,300,70,41,"Embeddings are high-dimensional dense vector representations that capture the semantic meaning and contextual relationships of text, words, or even entire documents. They can be thought of as numerical fingerprints."
28,300,90,45,"Embeddings are high-dimensional dense vector representations that capture the semantic meaning and contextual relationships of text, words, or even entire documents. They are essentially numerical fingerprints that help in understanding the semantic content of the input."
29,300,110,46,"Embeddings are high-dimensional dense vector representations of text, words, or entire documents. They capture the semantic meaning and contextual relationships of the input, acting as numerical fingerprints that help machines understand the content more effectively."
30,300,130,49,"Embeddings are high-dimensional dense vector representations of text, words, or even entire documents. They are numerical fingerprints that capture the semantic meaning and contextual relationships of the input."
31,300,150,54,"Embeddings are high-dimensional dense vector representations of text, words, or even entire documents. These numerical fingerprints capture the semantic meaning and contextual relationships of the input."
32,300,170,61,"Embeddings are high-dimensional dense vector representations that capture the semantic meaning and contextual relationships of text, words, or even entire documents. They can be thought of as numerical fingerprints of the input."
33,300,190,68,"Embeddings are high-dimensional dense vector representations of text, words, or even entire documents. They serve as numerical fingerprints that capture the semantic meaning and contextual relationships of the input."
34,350,50,35,"Embeddings are high-dimensional, dense vector representations that capture the semantic meaning and contextual relationships of text, words, or even entire documents. They are numerical fingerprints that help to identify similarities in meaning among the input text."
35,350,70,38,"Embeddings are high-dimensional dense vector representations of text, words, or documents that capture the semantic meaning and contextual relationships of the input. They can be thought of as numerical fingerprints that help in understanding the semantic similarity between different pieces of text."
36,350,90,39,"Embeddings are high-dimensional dense vector representations that capture the semantic meaning and contextual relationships of text, words, or even entire documents. They can be thought of as numerical fingerprints that represent the input in a way that preserves the semantic similarity between text snippets with similar meanings."
37,350,110,39,"Embeddings are high-dimensional dense vector representations that capture the semantic meaning and contextual relationships of text, words, or even entire documents. They can be thought of as numerical fingerprints that represent the input's meaning in a semantic space, where text snippets with similar meanings are closer together."
38,350,130,40,"Embeddings are high-dimensional, dense vector representations that capture the semantic meaning and contextual relationships of text, words, or even entire documents. They can be thought of as numerical fingerprints that help to represent the semantic meaning of the input."
39,350,150,42,"Embeddings are high-dimensional dense vector representations of text, words, or even entire documents. They capture the semantic meaning and contextual relationships of the input, and can be thought of as numerical fingerprints that represent the similarities and differences in meaning between different pieces of text in a semantic space."
40,350,170,46,"Embeddings are high-dimensional dense vector representations that capture the semantic meaning and contextual relationships of text, words, or even entire documents. They serve as numerical fingerprints that help identify similarities in meaning among different text snippets."
41,350,190,49,"Embeddings are high-dimensional, dense vector representations that capture the semantic meaning and contextual relationships of text, words, or even entire documents. They serve as numerical fingerprints that help to understand the similarities in meanings among different text snippets."
42,400,50,31,"Embeddings are high-dimensional dense vector representations that capture the semantic meaning and contextual relationships of text, words, or entire documents. They can be thought of as numerical fingerprints that map text snippets with similar meanings to vectors that are numerically closer to each other in a semantic space."
43,400,70,32,"Embeddings are high-dimensional dense vector representations of text, words, or even entire documents. They capture the semantic meaning and contextual relationships of the input, and in a semantic space, text snippets with similar meanings are mapped to vectors that are numerically ""closer"" to each other."
44,400,90,32,"Embeddings are high-dimensional dense vector representations of text, words, or even entire documents. They are numerical fingerprints that capture the semantic meaning and contextual relationships of the input. In a semantic space, text snippets with similar meanings are mapped to vectors that are numerically ""closer"" to each other."
45,400,110,33,"Embeddings are high-dimensional dense vector representations that capture the semantic meaning and contextual relationships of text, words, or entire documents. They act as numerical fingerprints and are used to map text snippets with similar meanings to vectors that are numerically ""closer"" to each other in a semantic space."
46,400,130,34,"Embeddings are high-dimensional dense vector representations that capture the semantic meaning and contextual relationships of input text, words, or even entire documents. They are like numerical fingerprints that help in mapping text snippets with similar meanings to vectors that are numerically ""closer"" to each other in a semantic space."
47,400,150,36,"Embeddings are high-dimensional dense vector representations that capture the semantic meaning and contextual relationships of text, words, or even entire documents. They serve as numerical fingerprints for text snippets and map text with similar meanings to vectors that are numerically ""closer"" to each other in a semantic space."
48,400,170,39,"Embeddings are high-dimensional dense vector representations that capture the semantic meaning and contextual relationships of text, words, or even entire documents. They can be thought of as numerical fingerprints that help map text snippets with similar meanings to vectors that are numerically ""closer"" to each other in a semantic space."
49,400,190,39,"Embeddings are high-dimensional, dense vector representations of text, words, or even entire documents. They capture the semantic meaning and contextual relationships of the input, and in a semantic space, text snippets with similar meanings are mapped to vectors that are numerically ""closer"" to each other."
50,450,50,30,"Embeddings are high-dimensional dense vector representations of text, words, or even entire documents. They are numerical fingerprints that capture the semantic meaning and contextual relationships of the input. In a semantic space, text snippets with similar meanings are mapped to vectors that are numerically ""closer"" to each other."
51,450,70,30,"Embeddings are high-dimensional, dense vector representations that capture the semantic meaning and contextual relationships of text, words, or even entire documents. They can be thought of as numerical fingerprints that represent the input in a way that preserves its semantic meaning and similarities with other related inputs. In a semantic space, text snippets with similar meanings are mapped to vectors that are numerically ""closer"" to each other."
52,450,90,31,"Embeddings are high-dimensional dense vector representations of text, words, or even entire documents. They capture the semantic meaning and contextual relationships of the input, and in a semantic space, text snippets with similar meanings are mapped to vectors that are numerically ""closer"" to each other."
53,450,110,31,"Embeddings are high-dimensional, dense vector representations of text, words, or even entire documents. They are numerical fingerprints that capture the semantic meaning and contextual relationships of the input. In a semantic space, text snippets with similar meanings are mapped to vectors that are numerically ""closer"" to each other."
54,450,130,31,"Embeddings are high-dimensional dense vector representations of text, words, or even entire documents. They are numerical fingerprints that capture the semantic meaning and contextual relationships of the input. In a semantic space, text snippets with similar meanings are mapped to vectors that are numerically ""closer"" to each other."
55,450,150,32,"Embeddings are high-dimensional dense vector representations of text, words, or even entire documents. They capture the semantic meaning and contextual relationships of the input, and in a semantic space, text snippets with similar meanings are mapped to vectors that are numerically ""closer"" to each other."
56,450,170,32,"Embeddings are high-dimensional dense vector representations of text, words, or even entire documents. They capture the semantic meaning and contextual relationships of the input, and in the semantic space, text snippets with similar meanings are mapped to vectors that are numerically ""closer"" to each other."
57,450,190,33,"Embeddings are high-dimensional dense vector representations of text, words, or even entire documents. They serve as numerical 'fingerprints' that capture the semantic meaning and contextual relationships of the input, and map text snippets with similar meanings to vectors that are numerically ""closer"" to each other in a semantic space."
58,500,50,26,"Embeddings are high-dimensional dense vector representations that capture the semantic meaning and contextual relationships of text, words, or even entire documents. They can be thought of as numerical fingerprints that map text snippets with similar meanings to vectors that are numerically ""closer"" to each other, while text with vastly different meanings will have vectors that are ""far apart."""
59,500,70,27,"Embeddings are high-dimensional dense vector representations of text, words, or even entire documents. They serve as numerical fingerprints that capture the semantic meaning and contextual relationships of the input. In a semantic space, text snippets with similar meanings are mapped to vectors that are numerically ""closer"" to each other, while text with vastly different meanings will have vectors that are ""far apart""."
60,500,90,27,"Embeddings are high-dimensional dense vector representations of text, words, or even entire documents. They are numerical fingerprints that capture the semantic meaning and contextual relationships of the input. In a semantic space, text snippets with similar meanings are mapped to vectors that are numerically ""closer"" to each other, while text with vastly different meanings will have vectors that are ""far apart."""
61,500,110,28,"Embeddings are high-dimensional, dense vector representations of text, words, or even entire documents. They are numerical fingerprints that capture the semantic meaning and contextual relationships of the input. In a semantic space, text snippets with similar meanings are mapped to vectors that are numerically ""closer"" to each other, while text with vastly different meanings will have vectors that are ""far apart."""
62,500,130,28,"Embeddings are high-dimensional dense vector representations of text, words, or even entire documents. They capture the semantic meaning and contextual relationships of the input and serve as numerical fingerprints for the input data. In a semantic space, text snippets with similar meanings are mapped to vectors that are numerically ""closer"" to each other, while text with vastly different meanings will have vectors that are ""far apart."""
63,500,150,28,"Embeddings are high-dimensional dense vector representations that capture the semantic meaning and contextual relationships of input text, words, or even entire documents. They can be thought of as numerical fingerprints that represent the meaning of the input. In a semantic space, text snippets with similar meanings are mapped to vectors that are numerically ""closer"" to each other, while text with vastly different meanings will have vectors that are ""far apart."""
64,500,170,30,"Embeddings are high-dimensional dense vector representations that capture the semantic meaning and contextual relationships of text, words, or even entire documents. They act as numerical fingerprints for the input data and are used to map text snippets with similar meanings to vectors that are closer to each other in a semantic space, while text with vastly different meanings will have vectors that are further apart."
65,500,190,30,"Embeddings are high-dimensional dense vector representations of text, words, or even entire documents. They are numerical fingerprints that capture the semantic meaning and contextual relationships of the input. In a semantic space, text snippets with similar meanings are mapped to vectors that are numerically ""closer"" to each other, while text with vastly different meanings will have vectors that are ""far apart."""
66,550,50,23,"Embeddings are high-dimensional dense vector representations of text, words, or even entire documents. They are numerical fingerprints that capture the semantic meaning and contextual relationships of the input. In a semantic space, text snippets with similar meanings are mapped to vectors that are numerically ""closer"" to each other, while text with vastly different meanings will have vectors that are ""far apart."""
67,550,70,23,"Embeddings are high-dimensional dense vector representations that capture the semantic meaning and contextual relationships of text, words, or even entire documents. They serve as numerical fingerprints that help in mapping text snippets with similar meanings to vectors that are numerically ""closer"" to each other, while text with vastly different meanings will have vectors that are ""far apart."""
68,550,90,23,"Embeddings are high-dimensional dense vector representations of text, words, or even entire documents. They are numerical fingerprints that capture the semantic meaning and contextual relationships of the input. In a semantic space, text snippets with similar meanings are mapped to vectors that are numerically ""closer"" to each other, while text with vastly different meanings will have vectors that are ""far apart."" For example, the embedding for ""King"" would be numerically close."
69,550,110,24,"Embeddings are high-dimensional dense vector representations that capture the semantic meaning and contextual relationships of text, words, or even entire documents. They serve as numerical fingerprints that help in mapping text snippets with similar meanings to vectors that are numerically ""closer"" to each other, while text with vastly different meanings will have vectors that are ""far apart."""
70,550,130,24,"Embeddings are high-dimensional, dense vector representations that capture the semantic meaning and contextual relationships of text, words, or even entire documents. They are essentially numerical fingerprints that help in mapping text snippets with similar meanings to vectors that are numerically close to each other, while text with vastly different meanings will have vectors that are far apart. An example given is that the embedding for ""King"" would be numerically close to other words with similar meaning."
71,550,150,25,"Embeddings are high-dimensional dense vector representations that capture the semantic meaning and contextual relationships of text, words, or even entire documents. They are like numerical fingerprints that help in understanding the similarities and differences in the meaning of the input. In a semantic space, text snippets with similar meanings are mapped to vectors that are numerically closer to each other, while text with vastly different meanings will have vectors that are ""far apart."""
72,550,170,26,"Embeddings are high-dimensional dense vector representations of text, words, or even entire documents. They capture the semantic meaning and contextual relationships of the input, acting as numerical fingerprints. In a semantic space, text snippets with similar meanings are mapped to vectors that are numerically ""closer"" to each other, while text with vastly different meanings will have vectors that are ""far apart."""
73,550,190,28,"Embeddings are high-dimensional dense vector representations that capture the semantic meaning and contextual relationships of text, words, or even entire documents. They can be thought of as numerical fingerprints that represent the input in a semantic space. In this space, text snippets with similar meanings are mapped to vectors that are numerically ""closer"" to each other, while text with vastly different meanings will have vectors that are ""far apart."" For example, the embedding for ""King"" would be a vector that is numerically close to other words with similar meaning, like ""Queen"" or ""Ruler."""
74,600,50,22,"Embeddings are high-dimensional, dense vector representations that capture the semantic meaning and contextual relationships of text, words, or even entire documents. They can be thought of as numerical fingerprints that represent the input in a way that preserves its semantic and contextual relationships. In a semantic space, text snippets with similar meanings are mapped to vectors that are numerically ""closer"" to each other, while text with vastly different meanings will have vectors that are ""far apart."""
75,600,70,22,"Embeddings are high-dimensional dense vector representations that capture the semantic meaning and contextual relationships of input text, words, or even entire documents. They can be thought of as numerical fingerprints that signify the meaning of the input. In a semantic space, text snippets with similar meanings are mapped to vectors that are numerically ""closer"" to each other, while text with vastly different meanings will have vectors that are ""far apart."""
76,600,90,22,"Embeddings are high-dimensional dense vector representations that capture the semantic meaning and contextual relationships of text, words, or even entire documents. They act as numerical fingerprints that help in understanding the underlying meaning and similarities between different text snippets. In a semantic space, text snippets with similar meanings are mapped to vectors that are numerically ""closer"" to each other, while text with vastly different meanings will have vectors that are ""far apart."" For example, the embedding for ""King"" would be numerically close to other words with similar semantic meanings, such as ""Queen"" or ""Ruler."""
77,600,110,22,"Embeddings are high-dimensional dense vector representations of text, words, or even entire documents. They are numerical fingerprints that capture the semantic meaning and contextual relationships of the input. In a semantic space, text snippets with similar meanings are mapped to vectors that are numerically ""closer"" to each other, while text with vastly different meanings will have vectors that are ""far apart."""
78,600,130,22,"Embeddings are high-dimensional dense vector representations that capture the semantic meaning and contextual relationships of text, words, or even entire documents. They are like numerical fingerprints that help machines understand the meaning and similarities between different pieces of text. In a semantic space, text snippets with similar meanings are mapped to vectors that are numerically ""closer"" to each other, while text with vastly different meanings will have vectors that are ""far apart."""
79,600,150,23,"Embeddings are high-dimensional dense vector representations that capture the semantic meaning and contextual relationships of text, words, or even entire documents. They are numerical fingerprints that help in mapping text snippets with similar meanings to vectors that are numerically ""closer"" to each other, while text with vastly different meanings will have vectors that are ""far apart."" For example, the embedding for ""King"" would be numerically close."
80,600,170,23,"Embeddings are high-dimensional dense vector representations that capture the semantic meaning and contextual relationships of input text, words, or even entire documents. They are numerical fingerprints that help in mapping text snippets with similar meanings to vectors that are numerically ""closer"" to each other, while text with vastly different meanings will have vectors that are ""far apart."""
81,600,190,23,"Embeddings are high-dimensional dense vector representations of text, words, or even entire documents. They are numerical fingerprints that capture the semantic meaning and contextual relationships of the input. In a semantic space, text snippets with similar meanings are mapped to vectors that are numerically ""closer"" to each other, while text with vastly different meanings will have vectors that are ""far apart."""
82,650,50,21,"Embeddings are high-dimensional dense vector representations of text, words, or even entire documents, that capture the semantic meaning and contextual relationships of the input. They can be thought of as numerical fingerprints that help map text snippets with similar meanings to vectors that are numerically ""closer"" to each other, while text with vastly different meanings will have vectors that are ""far apart."""
83,650,70,21,"Embeddings are high-dimensional dense vector representations that capture the semantic meaning and contextual relationships of text, words, or even entire documents. They serve as numerical fingerprints that map text snippets with similar meanings to vectors that are numerically ""closer"" to each other, while text with vastly different meanings will have vectors that are ""far apart."""
84,650,90,21,"Embeddings are high-dimensional dense vector representations that capture the semantic meaning and contextual relationships of text, words, or even entire documents. They are numerical fingerprints that map text snippets with similar meanings to vectors that are numerically ""closer"" to each other, while text with vastly different meanings will have vectors that are ""far apart."""
85,650,110,21,"Embeddings are high-dimensional dense vector representations of text, words, or even entire documents that capture the semantic meaning and contextual relationships of the input. They can be thought of as numerical fingerprints that represent the text in a way that allows machines to understand the meaning and relationships between words or documents."
86,650,130,21,"Embeddings are high-dimensional dense vector representations that capture the semantic meaning and contextual relationships of text, words, or even entire documents. They are numerical fingerprints that map text snippets with similar meanings to vectors that are numerically ""closer"" to each other, while text with vastly different meanings will have vectors that are ""far apart."""
87,650,150,21,"Embeddings are high-dimensional dense vector representations of text, words, or even entire documents. They capture the semantic meaning and contextual relationships of the input, and in a semantic space, text snippets with similar meanings are mapped to vectors that are numerically ""closer"" to each other, while text with vastly different meanings will have vectors that are ""far apart."" For example, the embedding for ""King"" would be numerically close to ""Queen"" but significantly distant from ""Table."""
88,650,170,21,"Embeddings are high-dimensional dense vector representations of text, words, or even entire documents that capture the semantic meaning and contextual relationships of the input. They can be thought of as numerical fingerprints that help in mapping text snippets with similar meanings to vectors that are numerically ""closer"" to each other, while text with vastly different meanings will have vectors that are ""far apart."""
89,650,190,21,"Embeddings are high-dimensional dense vector representations that capture the semantic meaning and contextual relationships of text, words, or even entire documents. They can be thought of as numerical fingerprints that map text snippets with similar meanings to vectors that are numerically ""closer"" to each other, while text with vastly different meanings will have vectors that are ""far apart."""
90,700,50,21,"Embeddings are high-dimensional dense vector representations that capture the semantic meaning and contextual relationships of input text, words, or even entire documents. They are like numerical fingerprints that help in mapping text snippets with similar meanings to vectors that are numerically ""closer"" to each other, while text with vastly different meanings will have vectors that are ""far apart."""
91,700,70,21,"Embeddings are high-dimensional dense vector representations of text, words, or even entire documents. They capture the semantic meaning and contextual relationships of the input, serving as numerical fingerprints in a semantic space. Text snippets with similar meanings are mapped to vectors that are numerically ""closer"" to each other, while text with vastly different meanings will have vectors that are ""far apart."""
92,700,90,21,"Embeddings are high-dimensional dense vector representations that capture the semantic meaning and contextual relationships of text, words, or even entire documents. They are like numerical fingerprints that help model the meaning of the input data in a numerical space, where text snippets with similar meanings are mapped to vectors that are numerically closer to each other, while text with vastly different meanings will have vectors that are ""far apart."""
93,700,110,21,"Embeddings are high-dimensional, dense vector representations of text, words, or even entire documents that capture the semantic meaning and contextual relationships of the input. They can be thought of as numerical fingerprints that represent the meaning of the input in a way that a machine can understand. In a semantic space, text snippets with similar meanings are mapped to vectors that are numerically ""closer"" to each other, while text with vastly different meanings will have vectors that are ""far apart""."
94,700,130,21,"Embeddings are high-dimensional dense vector representations of text, words, or even entire documents. They capture the semantic meaning and contextual relationships of the input, serving as numerical fingerprints that help in understanding the meaning and relationships between different words or text snippets in a semantic space. In this space, text with similar meanings are mapped to vectors that are numerically ""closer"" to each other, while text with vastly different meanings will have vectors that are ""far apart."""
95,700,150,21,"Embeddings are high-dimensional dense vector representations that capture the semantic meaning and contextual relationships of text, words, or even entire documents. They work as numerical fingerprints that help in understanding the meaning and connections between different text snippets. In the semantic space, text with similar meanings are mapped to vectors that are numerically ""closer"" to each other, while text with vastly different meanings will have vectors that are ""far apart"". For example, the embedding for ""King"" would be numerically close to ""Queen"" but significantly distant from ""Table""."
96,700,170,21,"Embeddings are high-dimensional dense vector representations of text, words, or even entire documents. They capture the semantic meaning and contextual relationships of the input, acting like numerical fingerprints. In a semantic space, text snippets with similar meanings are mapped to vectors that are numerically closer to each other, while text with vastly different meanings will have vectors that are ""far apart""."
97,700,190,21,"Embeddings are high-dimensional dense vector representations of text, words, or even entire documents. They serve as numerical fingerprints that capture the semantic meaning and contextual relationships of the input, mapping text snippets with similar meanings to vectors that are numerically ""closer"" to each other, and text with vastly different meanings will have vectors that are ""far apart."""
98,750,50,21,"Embeddings are high-dimensional dense vector representations of text, words, or even entire documents. They serve as numerical fingerprints that capture the semantic meaning and contextual relationships of the input. In a semantic space, text snippets with similar meanings are mapped to vectors that are numerically ""closer"" to each other, while text with vastly different meanings will have vectors that are ""far apart""."
99,750,70,21,"Embeddings are high-dimensional dense vector representations that capture the semantic meaning and contextual relationships of input text, words, or even entire documents. They serve as numerical fingerprints, with text snippets of similar meanings being mapped to vectors that are numerically closer to each other, and text with vastly different meanings being mapped to vectors that are ""far apart."""
100,750,90,21,"Embeddings are high-dimensional dense vector representations that capture the semantic meaning and contextual relationships of text, words, or even entire documents. They are numerical fingerprints that help in mapping text snippets with similar meanings to vectors that are numerically ""closer"" to each other, while text with vastly different meanings will have vectors that are ""far apart."" For example, the embedding for ""King"" would be numerically close to ""Queen"" but significantly distant from ""Table,"" reflecting their conceptual relationship."
101,750,110,21,"Embeddings are high-dimensional dense vector representations of text, words, or even entire documents. They serve as numerical fingerprints capturing the semantic meaning and contextual relationships of the input. In a semantic space, text snippets with similar meanings are mapped to vectors that are numerically ""closer"" to each other, while text with vastly different meanings will have vectors that are ""far apart."""
102,750,130,21,"Embeddings are high-dimensional dense vector representations that capture the semantic meaning and contextual relationships of text, words, or even entire documents. They are like numerical fingerprints that help in mapping text snippets with similar meanings closer to each other and text with vastly different meanings far apart in a semantic space."
103,750,150,21,"Embeddings are high-dimensional dense vector representations that capture the semantic meaning and contextual relationships of text, words, or even entire documents. They act as numerical fingerprints for the input data and are used to map text snippets with similar meanings to vectors that are closer to each other in a semantic space, while text with vastly different meanings will have vectors that are further apart."
104,750,170,21,"Embeddings are high-dimensional dense vector representations that capture the semantic meaning and contextual relationships of input text, words, or even entire documents. They are essentially numerical fingerprints that represent the input's meaning in a way that can be understood by machine learning algorithms. In a semantic space created by embeddings, text snippets with similar meanings are mapped to vectors that are numerically closer to each other, while text with vastly different meanings will have vectors that are ""far apart"". For example, the embedding for ""King"" would be numerically close to ""Queen"" but significantly distant from ""Table""."
105,750,190,21,"Embeddings are high-dimensional dense vector representations that capture the semantic meaning and contextual relationships of text, words, or even entire documents. They serve as numerical fingerprints to express the similarities and differences in the meaning of text snippets. In this semantic space, text with similar meanings are mapped to vectors that are numerically close to each other, while text with vastly different meanings will have vectors that are ""far apart."""
106,800,50,21,"Embeddings are high-dimensional dense vector representations of text, words, or even entire documents. These numerical fingerprints capture the semantic meaning and contextual relationships of the input. In a semantic space, text snippets with similar meanings are mapped to vectors that are numerically ""closer"" to each other, while text with vastly different meanings will have vectors that are ""far apart."" For example, the embedding for ""King"" would be numerically close to ""Queen"" but significantly distant from ""Table."""
107,800,70,21,"Embeddings are high-dimensional dense vector representations of text, words, or even entire documents. They are numerical fingerprints that capture the semantic meaning and contextual relationships of the input. In a semantic space, text snippets with similar meanings are mapped to vectors that are numerically ""closer"" to each other, while text with vastly different meanings will have vectors that are ""far apart."""
108,800,90,21,"Embeddings are high-dimensional dense vector representations that capture the semantic meaning and contextual relationships of input text, words, or even entire documents. They can be thought of as numerical fingerprints that represent the meaning of the input. In a semantic space, text snippets with similar meanings are mapped to vectors that are numerically ""closer"" to each other, while text with vastly different meanings will have vectors that are ""far apart."""
109,800,110,21,"Embeddings are high-dimensional dense vector representations of text, words, or even entire documents. They are designed to capture the semantic meaning and contextual relationships of the input, creating numerical fingerprints that mirror the relationships between different pieces of text. In the semantic space, text snippets with similar meanings are mapped to vectors that are numerically closer to each other, while text with vastly different meanings will have vectors that are ""far apart."""
110,800,130,21,"Embeddings are high-dimensional dense vector representations that capture the semantic meaning and contextual relationships of text, words, or even entire documents. They serve as numerical fingerprints, with text snippets having similar meanings being mapped to vectors that are numerically ""closer"" to each other, while text with vastly different meanings will have vectors that are ""far apart."""
111,800,150,21,"Embeddings are high-dimensional dense vector representations of text, words, or even entire documents. They capture the semantic meaning and contextual relationships of the input, and in a semantic space, text snippets with similar meanings are mapped to vectors that are numerically ""closer"" to each other, while text with vastly different meanings will have vectors that are ""far apart."""
112,800,170,21,"Embeddings are high-dimensional, dense vector representations of text, words, or even entire documents that capture the semantic meaning and contextual relationships of the input. They serve as numerical fingerprints that help in understanding the meaning and relationships between different pieces of text. In a semantic space, text snippets with similar meanings are mapped to vectors that are closer to each other, while text with vastly different meanings will have vectors that are farther apart."
113,800,190,21,"Embeddings are high-dimensional dense vector representations that capture the semantic meaning and contextual relationships of text, words, or even entire documents. They serve as numerical fingerprints that help in mapping text snippets with similar meanings to vectors that are numerically ""closer"" to each other, while text with vastly different meanings will have vectors that are ""far apart."""
114,850,50,19,"Embeddings are high-dimensional dense vector representations of text, words, or even entire documents. They are numerical fingerprints that capture the semantic meaning and contextual relationships of the input. In a semantic space, text snippets with similar meanings are mapped to vectors that are numerically ""closer"" to each other, while text with vastly different meanings will have vectors that are ""far apart."" For example, the embedding for ""King"" would be numerically close to ""Queen"" but significantly distant from ""Table,"" reflecting their conceptual relationship."
115,850,70,19,"Embeddings are high-dimensional dense vector representations of text, words, or even entire documents. They are numerical fingerprints that capture the semantic meaning and contextual relationships of the input. In a semantic space, text snippets with similar meanings are mapped to vectors that are numerically ""closer"" to each other, while text with vastly different meanings will have vectors that are ""far apart."""
116,850,90,19,"Embeddings are high-dimensional dense vector representations of text, words, or even entire documents. They are numerical fingerprints that capture the semantic meaning and contextual relationships of the input. In a semantic space, text snippets with similar meanings are mapped to vectors that are numerically ""closer"" to each other, while text with vastly different meanings will have vectors that are ""far apart."""
117,850,110,19,"Embeddings are high-dimensional dense vector representations of text, words, or even entire documents. They capture the semantic meaning and contextual relationships of the input and are used to map text snippets with similar meanings to vectors that are numerically ""closer"" to each other, while text with vastly different meanings will have vectors that are ""far apart."""
118,850,130,19,"Embeddings are high-dimensional dense vector representations of text, words, or even entire documents. They serve as numerical fingerprints that capture the semantic meaning and contextual relationships of the input. In a semantic space, text snippets with similar meanings are mapped to vectors that are numerically ""closer"" to each other, while text with vastly different meanings will have vectors that are ""far apart."""
119,850,150,19,"Embeddings are high-dimensional dense vector representations of text, words, or even entire documents. They are numerical fingerprints that capture the semantic meaning and contextual relationships of the input. In a semantic space, text snippets with similar meanings are mapped to vectors that are numerically ""closer"" to each other, while text with vastly different meanings will have vectors that are ""far apart."""
120,850,170,19,"Embeddings are high-dimensional dense vector representations of text, words, or even entire documents. They are numerical fingerprints that capture the semantic meaning and contextual relationships of the input. In a semantic space, text snippets with similar meanings are mapped to vectors that are numerically ""closer"" to each other, while text with vastly different meanings will have vectors that are ""far apart."""
121,850,190,19,"Embeddings are high-dimensional dense vector representations of text, words, or even entire documents. They are numerical fingerprints that capture the semantic meaning and contextual relationships of the input. In a semantic space, text snippets with similar meanings are mapped to vectors that are numerically ""closer"" to each other, while text with vastly different meanings will have vectors that are ""far apart."""
122,900,50,19,"Embeddings are high-dimensional dense vector representations of text, words, or even entire documents. They capture the semantic meaning and contextual relationships of the input, acting as numerical fingerprints that help machines understand the meaning of words or text snippets. In a semantic space, text snippets with similar meanings are mapped to vectors that are numerically ""closer"" to each other, while text with vastly different meanings will have vectors that are ""far apart."""
123,900,70,19,"Embeddings are high-dimensional dense vector representations of text, words, or even entire documents that capture the semantic meaning and contextual relationships of the input. They can be thought of as numerical fingerprints that map text snippets with similar meanings to vectors that are numerically ""closer"" to each other, while text with vastly different meanings will have vectors that are ""far apart."""
124,900,90,19,"Embeddings are high-dimensional dense vector representations of text, words, or even entire documents. They are numerical fingerprints that capture the semantic meaning and contextual relationships of the input. In a semantic space, text snippets with similar meanings are mapped to vectors that are numerically ""closer"" to each other, while text with vastly different meanings will have vectors that are ""far apart."""
125,900,110,19,"Embeddings are high-dimensional dense vector representations of text, words, or even entire documents. They are numerical fingerprints that capture the semantic meaning and contextual relationships of the input. In a semantic space, text snippets with similar meanings are mapped to vectors that are numerically ""closer"" to each other, while text with vastly different meanings will have vectors that are ""far apart."""
126,900,130,19,"Embeddings are high-dimensional dense vector representations of text, words, or even entire documents. They serve as numerical fingerprints that capture the semantic meaning and contextual relationships of the input. In a semantic space, text snippets with similar meanings are mapped to vectors that are numerically ""closer"" to each other, while text with vastly different meanings will have vectors that are ""far apart."""
127,900,150,19,"Embeddings are high-dimensional dense vector representations of text, words, or even entire documents. They capture the semantic meaning and contextual relationships of the input, and in a semantic space, text snippets with similar meanings are mapped to vectors that are numerically ""closer"" to each other, while text with vastly different meanings will have vectors that are ""far apart."""
128,900,170,19,"Embeddings are high-dimensional dense vector representations of text, words, or even entire documents. They capture the semantic meaning and contextual relationships of the input, and in a semantic space, text snippets with similar meanings are mapped to vectors that are numerically ""closer"" to each other, while text with vastly different meanings will have vectors that are ""far apart."""
129,900,190,19,"Embeddings are high-dimensional dense vector representations of text, words, or even entire documents. They are numerical fingerprints that capture the semantic meaning and contextual relationships of the input. In a semantic space, text snippets with similar meanings are mapped to vectors that are numerically ""closer"" to each other, while text with vastly different meanings will have vectors that are ""far apart."""
130,950,50,16,"Embeddings are high-dimensional, dense vector representations of text, words, or even entire documents. They serve as numerical fingerprints that capture the semantic meaning and contextual relationships of the input. In the semantic space created, text snippets with similar meanings are mapped to vectors that are numerically closer to each other, while text with vastly different meanings will have vectors that are ""far apart."""
131,950,70,16,"Embeddings are high-dimensional dense vector representations of text, words, or even entire documents. They serve as numerical fingerprints that capture the semantic meaning and contextual relationships of the input. In a semantic space, text snippets with similar meanings are mapped to vectors that are numerically ""closer"" to each other, while text with vastly different meanings will have vectors that are ""far apart."""
132,950,90,16,"Embeddings are high-dimensional, dense vector representations of text, words, or even entire documents. They capture the semantic meaning and contextual relationships of the input, and in a semantic space, text snippets with similar meanings are mapped to vectors that are numerically ""closer"" to each other, while text with vastly different meanings will have vectors that are ""far apart."""
133,950,110,16,"Embeddings are high-dimensional dense vector representations of text, words, or even entire documents. They capture the semantic meaning and contextual relationships of the input, acting as numerical fingerprints. In a semantic space, text snippets with similar meanings are mapped to vectors that are numerically ""closer"" to each other, while text with vastly different meanings will have vectors that are ""far apart."""
134,950,130,16,"Embeddings are high-dimensional, dense vector representations that capture the semantic meaning and contextual relationships of text, words, or even entire documents. They act as numerical fingerprints that help in mapping text snippets with similar meanings to vectors that are numerically ""closer"" to each other, while text with vastly different meanings will have vectors that are ""far apart."""
135,950,150,16,"Embeddings are high-dimensional dense vector representations of text, words, or even entire documents. These numerical fingerprints capture the semantic meaning and contextual relationships of the input. In a semantic space, text snippets with similar meanings are mapped to vectors that are numerically ""closer"" to each other, while text with vastly different meanings will have vectors that are ""far apart."""
136,950,170,16,"Embeddings are high-dimensional dense vector representations of text, words, or even entire documents. They capture the semantic meaning and contextual relationships of the input, and in a semantic space, text snippets with similar meanings are mapped to vectors that are numerically ""closer"" to each other, while text with vastly different meanings will have vectors that are ""far apart."""
137,950,190,16,"Embeddings are high-dimensional dense vector representations of text, words, or even entire documents. They are numerical fingerprints that capture the semantic meaning and contextual relationships of the input. In a semantic space, text snippets with similar meanings are mapped to vectors that are numerically ""closer"" to each other, while text with vastly different meanings will have vectors that are ""far apart."""
138,1000,50,14,"Embeddings are high-dimensional dense vector representations that capture the semantic meaning and contextual relationships of text, words, or even entire documents. They are essentially numerical fingerprints that help in understanding the meaning and relationships between different text snippets. In a semantic space, text snippets with similar meanings are mapped to vectors that are numerically ""closer"" to each other, while text with vastly different meanings will have vectors that are ""far apart."""
139,1000,70,14,"Embeddings are high-dimensional, dense vector representations of text, words, or even entire documents. They serve as numerical fingerprints that capture the semantic meaning and contextual relationships of the input. In a semantic space, text snippets with similar meanings are mapped to vectors that are numerically ""closer"" to each other, while text with vastly different meanings will have vectors that are ""far apart."""
140,1000,90,14,"Embeddings are high-dimensional dense vector representations that capture the semantic meaning and contextual relationships of text, words, or even entire documents. They act as numerical fingerprints that map text snippets with similar meanings to vectors that are numerically ""closer"" to each other, while text with vastly different meanings will have vectors that are ""far apart""."
141,1000,110,14,"Embeddings, as described in the provided context, are high-dimensional dense vector representations for text, words, or even entire documents. They capture the semantic meaning and contextual relationships of the input, acting as numerical fingerprints in a semantic space. Text snippets with similar meanings are mapped to vectors that are numerically ""closer"" to each other, while text with vastly different meanings will have vectors that are ""far apart."" In essence, embeddings help machines understand the semantic and contextual relationships between different pieces of text."
142,1000,130,14,"Embeddings are high-dimensional dense vector representations that capture the semantic meaning and contextual relationships of text, words, or even entire documents. They are numerical fingerprints that help to map text snippets with similar meanings to vectors that are numerically ""closer"" to each other, while text with vastly different meanings will have vectors that are ""far apart."""
143,1000,150,14,"Embeddings are high-dimensional dense vector representations that capture the semantic meaning and contextual relationships of text, words, or even entire documents. They are numerical fingerprints that represent the input in a way that allows machines to understand their meanings and relationships."
144,1000,170,14,"Embeddings are high-dimensional dense vector representations of text, words, or even entire documents. They capture the semantic meaning and contextual relationships of the input. In a semantic space, text snippets with similar meanings are mapped to vectors that are numerically ""closer"" to each other, while text with vastly different meanings will have vectors that are ""far apart."""
145,1000,190,14,"Embeddings are high-dimensional dense vector representations that capture the semantic meaning and contextual relationships of text, words, or even entire documents. They can be thought of as numerical fingerprints that represent the input in a semantic space, where text snippets with similar meanings are mapped to vectors that are numerically closer to each other, and text with vastly different meanings will have vectors that are ""far apart."""
